<?xml version="1.0" encoding="utf-8"?>
<data>
  <string name="lin1" index="1">1000-1</string>
  <string name="lin1" index="2">1000-2</string>
  <string name="lin1" index="3">1000-3</string>
  <string name="lin1" index="4">1000-4</string>
  <string name="lin1" index="5">1000-5</string>
  <string name="lin1" index="6">1000-6</string>
  <string name="lin1" index="7">1000-7</string>
  <string name="lin1" index="8">1000-8</string>
  <string name="lin1" index="9">1000-9</string>
  <string name="lin1" index="10">1000-10</string>
  <string name="lin1" index="11">1000-11</string>
  <string name="lin1" index="12">1000-12</string>
  <string name="lin1" index="13">1000-13</string>
  <string name="lin1" index="14">1000-14</string>
  <string name="lin1" index="15">1000-15</string>
  <string name="lin1" index="16">1000-16</string>
  <string name="lin1" index="17">1000-17</string>
  <string name="lin1" index="18">1100-1</string>
  <string name="lin1" index="19">1100-2</string>
  <string name="lin1" index="20">1100-3</string>
  <string name="lin1" index="21">1100-4</string>
  <string name="lin1" index="22">1100-5</string>
  <string name="lin1" index="23">1100-6</string>
  <string name="lin1" index="24">1100-7</string>
  <string name="lin1" index="25">1100-8</string>
  <string name="lin1" index="26">1100-9</string>
  <string name="lin1" index="27">1100-10</string>
  <string name="lin1" index="28">1100-11</string>
  <string name="lin1" index="29">1100-12</string>
  <string name="lin1" index="30">1100-13</string>
  <string name="lin1" index="31">1100-14</string>
  <string name="lin1" index="32">1100-15</string>
  <string name="lin1" index="33">1100-16</string>
  <string name="lin1" index="34">1100-17</string>
  <string name="lin1" index="35">1200-1</string>
  <string name="lin1" index="36">1200-2</string>
  <string name="lin1" index="37">1200-3</string>
  <string name="lin1" index="38">1200-4</string>
  <string name="lin1" index="39">1200-5</string>
  <string name="lin1" index="40">1200-6</string>
  <string name="lin1" index="41">1200-7</string>
  <string name="lin1" index="42">1200-8</string>
  <string name="lin1" index="43">1200-9</string>
  <string name="lin1" index="44">1200-10</string>
  <string name="lin1" index="45">1200-11</string>
  <string name="lin1" index="46">1200-12</string>
  <string name="lin1" index="47">1200-13</string>
  <string name="lin1" index="48">1200-14</string>
  <string name="lin1" index="49">1200-15</string>
  <string name="lin1" index="50">1200-16</string>
  <string name="lin1" index="51">1200-17</string>
  <string name="lin1" index="52">1300-1</string>
  <string name="lin1" index="53">1300-2</string>
  <string name="lin1" index="54">1300-3</string>
  <string name="lin1" index="55">1300-4</string>
  <string name="lin1" index="56">1300-5</string>
  <string name="lin1" index="57">1300-6</string>
  <string name="lin1" index="58">1300-7</string>
  <string name="lin1" index="59">1300-8</string>
  <string name="lin1" index="60">1300-9</string>
  <string name="lin1" index="61">1300-10</string>
  <string name="lin1" index="62">1300-11</string>
  <string name="lin1" index="63">1300-12</string>
  <string name="lin1" index="64">1300-13</string>
  <string name="lin1" index="65">1300-14</string>
  <string name="lin1" index="66">1300-15</string>
  <string name="lin1" index="67">1300-16</string>
  <string name="lin1" index="68">1300-17</string>
</data>